Timestamp,User Count,Type,Name,Requests/s,Failures/s,50%,66%,75%,80%,90%,95%,98%,99%,99.9%,99.99%,100%,Total Request Count,Total Failure Count,Total Median Response Time,Total Average Response Time,Total Min Response Time,Total Max Response Time,Total Average Content Size
1791288967,0,,Aggregated,0.000000,0.000000,N/A,N/A,N/A,N/A,N/A,N/A,N/A,N/A,N/A,N/A,N/A,0,0,0,0.0,0,0,0
1791288968,5,,Aggregated,0.000000,0.000000,N/A,N/A,N/A,N/A,N/A,N/A,N/A,N/A,N/A,N/A,N/A,0,0,0,0.0,0,0,0
1791288969,10,,Aggregated,0.000000,0.000000,N/A,N/A,N/A,N/A,N/A,N/A,N/A,N/A,N/A,N/A,N/A,0,0,0,0.0,0,0,0
1791288970,15,,Aggregated,0.000000,0.000000,N/A,N/A,N/A,N/A,N/A,N/A,N/A,N/A,N/A,N/A,N/A,0,0,0,0.0,0,0,0
1791288971,20,,Aggregated,0.000000,0.000000,N/A,N/A,N/A,N/A,N/A,N/A,N/A,N/A,N/A,N/A,N/A,0,0,0,0.0,0,0,0
1791288972,25,,Aggregated,0.000000,0.000000,38,38,38,38,38,38,38,38,38,38,38,1,0,38.16929300000993,38.16929300000993,38.16929300000993,38.16929300000993,61.0
1791288973,30,,Aggregated,0.000000,0.000000,38,38,38,38,38,38,38,38,38,38,38,1,0,38.16929300000993,38.16929300000993,38.16929300000993,38.16929300000993,61.0
1791288974,35,,Aggregated,0.200000,0.000000,21,21,38,38,38,38,38,38,38,38,38,3,0,21,21.204308666559275,4.6604469998783316,38.16929300000993,61.0
1791288975,40,,Aggregated,0.200000,0.000000,21,21,38,38,38,38,38,38,38,38,38,3,0,21,21.204308666559275,4.6604469998783316,38.16929300000993,61.0
1791288976,45,,Aggregated,0.285714,0.000000,38,38,8300,8300,8300,8300,8300,8300,8300,8300,8300,4,0,38,2081.1765534999154,4.6604469998783316,8261.093287999984,103.25
1791288977,50,,Aggregated,0.375000,0.000000,2800,4800,4800,8300,8800,8800,8800,8800,8800,8800,8800,9,0,2800,3463.8279196666294,4.6604469998783316,8777.501125000072,156.44444444444446
1791288978,50,,Aggregated,0.333333,0.000000,4800,6300,8300,8800,9300,10000,10000,10000,10000,10000,10000,18,0,4800,5028.298433666667,4.6604469998783316,10297.06094900007,238.11111111111111
1791288979,50,,Aggregated,0.400000,0.000000,6300,8400,9000,9600,11000,11000,12000,12000,12000,12000,12000,25,0,6300,6002.420718000003,3.2424229998468945,11730.006322000008,267.92
1791288980,50,,Aggregated,0.900000,0.000000,7600,8800,9300,9800,11000,12000,12000,12000,12000,12000,12000,34,0,7600,6463.21808244119,3.2424229998468945,12376.30361100014,295.79411764705884
1791288981,50,,Aggregated,0.900000,0.000000,7600,8800,9300,9800,11000,12000,12000,12000,12000,12000,12000,34,0,7600,6463.21808244119,3.2424229998468945,12376.30361100014,295.79411764705884
1791288982,50,,Aggregated,2.600000,0.000000,7600,8800,9600,10000,12000,12000,12000,12000,12000,12000,12000,35,0,7600,6626.535693285729,3.2424229998468945,12376.30361100014,303.14285714285717
1791288983,50,,Aggregated,3.400000,0.000000,7600,8800,9600,10000,12000,12000,13000,13000,13000,13000,13000,41,0,7600,6872.293709048801,3.2424229998468945,13431.003331000056,327.2439024390244
1791288984,50,,Aggregated,3.300000,0.000000,7700,8800,9600,10000,12000,12000,13000,13000,13000,13000,13000,48,0,7700,6863.259168437512,3.2424229998468945,13431.003331000056,346.25
1791288985,50,,Aggregated,3.400000,0.000000,7100,8400,9100,9700,12000,12000,12000,13000,13000,13000,13000,57,0,7100,6595.080854052641,3.2424229998468945,13431.003331000056,353.8070175438597
1791288986,50,,Aggregated,4.300000,0.000000,7100,8400,9200,9700,12000,12000,13000,15000,15000,15000,15000,66,0,7100,6721.667847227269,3.2424229998468945,15204.876818999992,374.07575757575756
1791288987,50,,Aggregated,4.800000,0.000000,6500,8400,9200,9700,12000,12000,13000,15000,15000,15000,15000,67,0,6500,6695.918376522386,3.2424229998468945,15204.876818999992,373.4179104477612
1791288988,50,,Aggregated,5.400000,0.000000,7100,8800,9300,10000,12000,13000,15000,20000,20000,20000,20000,78,0,7100,6915.98783452565,3.2424229998468945,20015.464758999995,395.2692307692308
1791288989,50,,Aggregated,6.200000,0.000000,6500,8800,9700,10000,12000,14000,20000,20000,20000,20000,20000,87,0,6500,7054.327415586214,3.2424229998468945,20015.464758999995,414.01149425287355
1791288990,50,,Aggregated,6.100000,0.000000,6500,8800,9800,11000,12000,15000,20000,20000,20000,20000,20000,96,0,6500,7081.357002437507,3.2424229998468945,20015.464758999995,423.6979166666667
1791288991,50,,Aggregated,6.000000,0.000000,6500,8800,9700,11000,12000,15000,20000,20000,20000,20000,20000,97,0,6500,7106.574421216502,3.2424229998468945,20015.464758999995,425.8041237113402
1791288992,50,,Aggregated,6.100000,0.000000,6300,8500,9600,11000,12000,14000,17000,20000,20000,20000,20000,109,0,6300,6869.414911825694,3.2424229998468945,20015.464758999995,418.348623853211
1791288993,50,,Aggregated,6.200000,0.000000,6200,8400,9600,11000,12000,14000,17000,20000,20000,20000,20000,115,0,6200,6795.38910719131,3.2424229998468945,20015.464758999995,417.83478260869566
1791288994,50,,Aggregated,6.300000,0.000000,5700,8100,9300,10000,12000,13000,17000,20000,20000,20000,20000,122,0,5700,6687.552253172139,3.2424229998468945,20015.464758999995,416.9918032786885
1791288995,50,,Aggregated,7.400000,0.000000,5600,8100,9300,10000,12000,13000,17000,20000,20000,20000,20000,125,0,5600,6654.198972928009,3.2424229998468945,20015.464758999995,416.848
1791288996,50,,Aggregated,7.400000,0.000000,5600,8100,9300,10000,12000,13000,17000,20000,20000,20000,20000,125,0,5600,6654.198972928009,3.2424229998468945,20015.464758999995,416.848
1791288997,50,,Aggregated,7.100000,0.000000,5700,8000,9300,10000,12000,13000,17000,20000,20000,20000,20000,139,0,5700,6646.384126805765,3.2424229998468945,20015.464758999995,421.84892086330933
1791288998,50,,Aggregated,6.800000,0.000000,5600,8000,9300,10000,12000,13000,17000,20000,20000,20000,20000,144,0,5600,6587.297704958344,3.2424229998468945,20015.464758999995,420.2361111111111
1791288999,50,,Aggregated,5.900000,0.000000,5700,8100,9200,10000,12000,13000,17000,20000,20000,20000,20000,150,0,5700,6613.304408933344,3.2424229998468945,20015.464758999995,422.85333333333335
1791289000,50,,Aggregated,7.100000,0.000000,6000,8300,9700,10000,12000,13000,16000,20000,20000,20000,20000,157,0,6000,6797.966145477717,3.2424229998468945,20015.464758999995,437.12738853503186
1791289001,50,,Aggregated,6.600000,0.000000,6000,8300,9700,10000,12000,13000,16000,20000,20000,20000,20000,162,0,6000,6813.122666759267,3.2424229998468945,20015.464758999995,439.5
1791289002,50,,Aggregated,6.300000,0.000000,6000,8500,9700,10000,12000,13000,16000,20000,20000,20000,20000,167,0,6000,6835.932656491028,3.2424229998468945,20015.464758999995,442.65269461077844
1791289003,50,,Aggregated,6.200000,0.000000,5700,8300,9500,10000,12000,13000,16000,20000,20000,20000,20000,182,0,5700,6664.023852346163,3.2424229998468945,20015.464758999995,437.6868131868132
1791289004,50,,Aggregated,6.500000,0.000000,5700,8100,9300,10000,12000,13000,16000,20000,20000,20000,20000,185,0,5700,6631.005183362172,3.2424229998468945,20015.464758999995,436.58378378378376
1791289005,50,,Aggregated,5.800000,0.000000,5600,8100,9500,10000,12000,13000,16000,20000,20000,20000,20000,192,0,5600,6582.5377010000075,3.2424229998468945,20015.464758999995,435.3802083333333
1791289006,50,,Aggregated,6.800000,0.000000,5600,8100,9300,10000,12000,13000,16000,20000,20000,20000,20000,199,0,5600,6547.157059959805,3.2424229998468945,20015.464758999995,435.3065326633166
1791289007,50,,Aggregated,6.400000,0.000000,5600,8100,9300,10000,12000,13000,15000,17000,20000,20000,20000,205,0,5600,6598.842941809762,3.2424229998468945,20015.464758999995,439.7317073170732
1791289008,50,,Aggregated,6.700000,0.000000,5700,8100,9300,10000,12000,13000,15000,17000,20000,20000,20000,213,0,5700,6637.412659276998,3.2424229998468945,20015.464758999995,444.7981220657277
1791289009,50,,Aggregated,7.400000,0.000000,5600,8100,9200,9800,12000,13000,15000,17000,20000,20000,20000,221,0,5600,6597.042654742082,3.2424229998468945,20015.464758999995,444.7918552036199
1791289010,50,,Aggregated,6.700000,0.000000,5600,8100,9200,9800,12000,13000,15000,17000,20000,20000,20000,227,0,5600,6588.862654242293,3.2424229998468945,20015.464758999995,445.8105726872247
1791289011,50,,Aggregated,6.900000,0.000000,5600,8100,9200,9800,12000,13000,15000,17000,20000,20000,20000,232,0,5600,6590.310004081898,3.2424229998468945,20015.464758999995,447.1336206896552
1791289012,50,,Aggregated,7.100000,0.000000,5600,8000,9200,9800,12000,13000,15000,17000,20000,20000,20000,244,0,5600,6521.035960913932,3.2424229998468945,20015.464758999995,445.844262295082
1791289013,50,,Aggregated,6.900000,0.000000,5600,8000,9100,9700,12000,13000,15000,17000,20000,20000,20000,253,0,5600,6488.888120608694,3.2424229998468945,20015.464758999995,446.17391304347825
1791289014,50,,Aggregated,7.200000,0.000000,5500,8000,9100,9700,12000,13000,15000,17000,20000,20000,20000,260,0,5500,6416.020747084614,3.2424229998468945,20015.464758999995,443.6730769230769
1791289015,50,,Aggregated,7.700000,0.000000,5500,8000,9000,9600,12000,13000,15000,17000,20000,20000,20000,262,0,5500,6411.955436385496,3.2424229998468945,20015.464758999995,444.32442748091603
1791289016,50,,Aggregated,7.000000,0.000000,5300,7900,9000,9600,12000,13000,15000,17000,20000,20000,20000,272,0,5300,6365.5875356213255,3.2424229998468945,20015.464758999995,444.2720588235294
1791289017,50,,Aggregated,7.400000,0.000000,5300,7900,9000,9700,12000,13000,15000,17000,20000,20000,20000,285,0,5300,6358.615461835087,3.2424229998468945,20015.464758999995,447.95438596491226
1791289018,50,,Aggregated,7.000000,0.000000,5200,7700,8900,9600,12000,13000,15000,17000,20000,20000,20000,293,0,5200,6276.23431181911,3.2424229998468945,20015.464758999995,444.6518771331058
1791289019,50,,Aggregated,7.300000,0.000000,5200,7700,8900,9600,12000,13000,15000,17000,20000,20000,20000,295,0,5200,6258.9706952677925,3.2424229998468945,20015.464758999995,443.87796610169494
1791289020,50,,Aggregated,7.800000,0.000000,5300,7600,8900,9600,11000,13000,15000,16000,20000,20000,20000,301,0,5300,6271.442424172754,3.2424229998468945,20015.464758999995,446.0797342192691
1791289021,50,,Aggregated,8.100000,0.000000,5300,7600,8800,9600,11000,13000,15000,16000,20000,20000,20000,311,0,5300,6254.779676694531,3.2424229998468945,20015.464758999995,447.2090032154341
1791289022,50,,Aggregated,7.400000,0.000000,5300,7600,8800,9600,12000,13000,15000,16000,20000,20000,20000,316,0,5300,6249.993068867086,3.2424229998468945,20015.464758999995,448.30379746835445
1791289023,50,,Aggregated,7.400000,0.000000,5300,7600,8800,9600,11000,13000,15000,16000,20000,20000,20000,328,0,5300,6224.694540371947,3.2424229998468945,20015.464758999995,448.8384146341463
1791289024,50,,Aggregated,7.700000,0.000000,5200,7500,8600,9300,11000,13000,15000,16000,20000,20000,20000,339,0,5200,6186.930673297933,3.2424229998468945,20015.464758999995,448.5781710914454
1791289025,50,,Aggregated,7.300000,0.000000,5300,7500,8600,9300,11000,13000,15000,16000,20000,20000,20000,342,0,5300,6206.040169336255,3.2424229998468945,20015.464758999995,451.2280701754386
1791289026,50,,Aggregated,7.500000,0.000000,5300,7600,8600,9500,11000,13000,15000,16000,20000,20000,20000,343,0,5300,6216.43273576093,3.2424229998468945,20015.464758999995,452.24198250728864
1791289027,50,,Aggregated,8.000000,0.000000,5200,7500,8600,9200,11000,13000,15000,16000,20000,20000,20000,353,0,5200,6184.065860960337,3.2424229998468945,20015.464758999995,451.6657223796034
1791289028,50,,Aggregated,8.000000,0.000000,5200,7400,8500,9200,11000,13000,15000,16000,20000,20000,20000,367,0,5200,6113.651740659398,3.2424229998468945,20015.464758999995,449.566757493188
1791289029,50,,Aggregated,7.100000,0.000000,5200,7400,8500,9200,11000,13000,15000,16000,20000,20000,20000,372,0,5200,6096.698366185481,3.2424229998468945,20015.464758999995,449.5403225806452
1791289030,50,,Aggregated,7.100000,0.000000,5200,7400,8500,9200,11000,13000,15000,16000,20000,20000,20000,373,0,5200,6093.45354456568,3.2424229998468945,20015.464758999995,449.6005361930295
1791289031,50,,Aggregated,7.400000,0.000000,5200,7400,8500,9200,11000,13000,15000,16000,20000,20000,20000,379,0,5200,6102.514224255933,3.2424229998468945,20015.464758999995,451.1873350923483
1791289032,50,,Aggregated,7.700000,0.000000,5200,7400,8500,9200,11000,13000,15000,16000,20000,20000,20000,387,0,5200,6111.789642299737,3.2424229998468945,20015.464758999995,453.1007751937984
1791289033,50,,Aggregated,7.200000,0.000000,5200,7400,8500,9200,11000,13000,15000,16000,20000,20000,20000,392,0,5200,6123.758147864793,3.2424229998468945,20015.464758999995,454.6658163265306
1791289034,50,,Aggregated,6.800000,0.000000,5200,7400,8500,9200,11000,13000,15000,16000,20000,20000,20000,398,0,5200,6105.176680025122,3.2424229998468945,20015.464758999995,453.7110552763819
1791289035,50,,Aggregated,7.000000,0.000000,5300,7400,8500,9200,11000,13000,14000,15000,20000,20000,20000,408,0,5300,6141.186785159311,3.2424229998468945,20015.464758999995,457.80882352941177
1791289036,50,,Aggregated,6.400000,0.000000,5300,7400,8500,9200,11000,13000,14000,15000,20000,20000,20000,417,0,5300,6143.252267302157,3.2424229998468945,20015.464758999995,458.6306954436451
1791289037,50,,Aggregated,5.800000,0.000000,5300,7400,8500,9200,11000,12000,14000,15000,20000,20000,20000,424,0,5300,6122.245937283018,3.2424229998468945,20015.464758999995,457.79716981132077
1791289038,50,,Aggregated,6.600000,0.000000,5300,7400,8500,9200,11000,12000,14000,15000,20000,20000,20000,429,0,5300,6126.700629857807,3.2424229998468945,20015.464758999995,458.3916083916084
1791289039,50,,Aggregated,7.400000,0.000000,5300,7400,8500,9200,11000,12000,14000,15000,20000,20000,20000,441,0,5300,6111.276523571428,3.2424229998468945,20015.464758999995,458.8095238095238
1791289040,50,,Aggregated,6.700000,0.000000,5200,7200,8500,9200,11000,12000,14000,15000,20000,20000,20000,449,0,5200,6075.166920812916,3.2424229998468945,20015.464758999995,457.7104677060134
1791289041,50,,Aggregated,6.100000,0.000000,5200,7200,8500,9200,11000,12000,14000,15000,20000,20000,20000,457,0,5200,6082.7760861794295,3.2424229998468945,20015.464758999995,459.23413566739606
1791289042,50,,Aggregated,6.900000,0.000000,5200,7200,8500,9200,11000,12000,14000,15000,20000,20000,20000,459,0,5200,6077.8606118583875,3.2424229998468945,20015.464758999995,459.1154684095861
1791289043,50,,Aggregated,7.600000,0.000000,5200,7400,8500,9200,11000,12000,14000,15000,20000,20000,20000,461,0,5200,6090.413580590021,3.2424229998468945,20015.464758999995,460.09544468546636
1791289044,50,,Aggregated,7.800000,0.000000,5200,7400,8500,9100,11000,12000,14000,15000,20000,20000,20000,472,0,5200,6080.202734493646,3.2424229998468945,20015.464758999995,459.8792372881356
1791289045,50,,Aggregated,7.200000,0.000000,5200,7400,8500,9200,11000,12000,14000,15000,20000,20000,20000,477,0,5200,6089.488406490567,3.2424229998468945,20015.464758999995,460.6666666666667
1791289046,50,,Aggregated,6.900000,0.000000,5200,7200,8500,9200,11000,12000,14000,15000,20000,20000,20000,485,0,5200,6071.633730084538,3.2424229998468945,20015.464758999995,460.24536082474225
1791289047,50,,Aggregated,7.600000,0.000000,5200,7200,8500,9100,11000,12000,14000,15000,20000,20000,20000,491,0,5200,6067.959127014258,3.2424229998468945,20015.464758999995,460.14052953156823
1791289048,50,,Aggregated,6.900000,0.000000,5300,7400,8500,9100,11000,12000,14000,15000,20000,20000,20000,499,0,5300,6080.25026526854,3.2424229998468945,20015.464758999995,461.64128256513027
1791289049,50,,Aggregated,6.800000,0.000000,5300,7200,8400,9100,11000,12000,13000,15000,20000,20000,20000,509,0,5300,6089.341443644404,3.2424229998468945,20015.464758999995,462.73870333988214
1791289050,50,,Aggregated,6.900000,0.000000,5300,7200,8400,9100,11000,12000,13000,15000,20000,20000,20000,515,0,5300,6069.128977036896,3.2424229998468945,20015.464758999995,462.0718446601942
1791289052,50,,Aggregated,7.000000,0.000000,5300,7200,8400,9100,10000,12000,13000,15000,20000,20000,20000,525,0,5300,6039.372900632384,3.2424229998468945,20015.464758999995,461.0057142857143
1791289053,50,,Aggregated,6.800000,0.000000,5300,7200,8400,9100,11000,12000,13000,15000,20000,20000,20000,530,0,5300,6044.594742326416,3.2424229998468945,20015.464758999995,461.7679245283019
1791289054,50,,Aggregated,6.600000,0.000000,5200,7100,8400,9100,11000,12000,13000,15000,20000,20000,20000,539,0,5200,6019.38617496104,3.2424229998468945,20015.464758999995,460.9517625231911
1791289055,50,,Aggregated,6.800000,0.000000,5200,7100,8400,9100,11000,12000,13000,15000,20000,20000,20000,544,0,5200,6023.769519091914,3.2424229998468945,20015.464758999995,461.7922794117647
1791289056,50,,Aggregated,7.100000,0.000000,5200,7100,8400,9100,10000,12000,13000,15000,20000,20000,20000,553,0,5200,6002.385461273057,3.2424229998468945,20015.464758999995,461.18264014466547
1791289057,50,,Aggregated,7.800000,0.000000,5200,7100,8400,9100,11000,12000,13000,15000,20000,20000,20000,560,0,5200,6009.041089539287,3.2424229998468945,20015.464758999995,462.16964285714283
1791289058,50,,Aggregated,7.000000,0.000000,5200,7100,8400,9100,11000,12000,13000,15000,20000,20000,20000,570,0,5200,6009.938713805264,3.2424229998468945,20015.464758999995,463.4350877192982
1791289059,50,,Aggregated,7.600000,0.000000,5200,7100,8400,9100,10000,12000,13000,15000,20000,20000,20000,580,0,5200,5991.9498095,3.2424229998468945,20015.464758999995,463.1258620689655
1791289060,50,,Aggregated,7.500000,0.000000,5200,7100,8400,9100,10000,12000,13000,15000,20000,20000,20000,590,0,5200,5969.8441731406765,3.2424229998468945,20015.464758999995,462.53559322033897
1791289061,50,,Aggregated,7.700000,0.000000,5200,7100,8300,9100,10000,12000,13000,15000,20000,20000,20000,597,0,5200,5968.020318777219,3.2424229998468945,20015.464758999995,463.26465661641544
1791289062,50,,Aggregated,8.100000,0.000000,5100,7100,8300,9000,10000,12000,13000,15000,20000,20000,20000,610,0,5100,5937.400565052459,3.2424229998468945,20015.464758999995,462.6967213114754
1791289063,50,,Aggregated,8.100000,0.000000,5100,7100,8300,9000,10000,12000,13000,15000,20000,20000,20000,616,0,5100,5930.631466586038,3.2424229998468945,20015.464758999995,462.9415584415584
1791289064,50,,Aggregated,8.200000,0.000000,5100,7000,8300,9000,10000,12000,13000,15000,20000,20000,20000,620,0,5100,5923.550627941935,3.2424229998468945,20015.464758999995,463.68387096774194
1791289065,50,,Aggregated,8.400000,0.000000,5200,7000,8100,9000,10000,12000,13000,15000,20000,20000,20000,626,0,5200,5920.243699675719,3.2424229998468945,20015.464758999995,464.00319488817894
1791289066,50,,Aggregated,8.100000,0.000000,5200,6900,8100,9000,10000,12000,13000,15000,20000,20000,20000,630,0,5200,5920.422017630159,3.2424229998468945,20015.464758999995,464.06825396825394
1791289067,50,,Aggregated,8.100000,0.000000,5200,6900,8100,8900,10000,12000,13000,15000,20000,20000,20000,637,0,5200,5909.47500001256,3.2424229998468945,20015.464758999995,462.86656200941917
1791289068,50,,Aggregated,8.200000,0.000000,5200,6900,8100,8900,10000,12000,13000,15000,20000,20000,20000,643,0,5200,5906.230804961121,3.2424229998468945,20015.464758999995,461.9315707620529
1791289069,50,,Aggregated,7.500000,0.000000,5200,6900,8100,8800,10000,12000,13000,15000,20000,20000,20000,654,0,5200,5908.9411703899095,3.2424229998468945,20015.464758999995,460.87920489296636
1791289070,50,,Aggregated,7.700000,0.000000,5200,6900,8000,8800,10000,12000,13000,15000,20000,20000,20000,661,0,5200,5894.222437815432,3.2424229998468945,20015.464758999995,459.4538577912254
1791289071,50,,Aggregated,7.300000,0.000000,5200,6900,8000,8800,10000,12000,13000,15000,20000,20000,20000,665,0,5200,5890.139910138347,3.2424229998468945,20015.464758999995,458.8255639097744
1791289072,50,,Aggregated,7.400000,0.000000,5200,6900,8000,8800,10000,12000,13000,15000,20000,20000,20000,674,0,5200,5885.154704933235,3.2424229998468945,20015.464758999995,457.5
1791289073,50,,Aggregated,7.100000,0.000000,5200,6900,8100,8800,10000,12000,13000,15000,20000,20000,20000,682,0,5200,5888.965177846041,3.2424229998468945,20015.464758999995,457.66129032258067
1791289074,50,,Aggregated,6.800000,0.000000,5200,6900,8000,8800,10000,12000,13000,15000,20000,20000,20000,690,0,5200,5876.100793404349,3.2424229998468945,20015.464758999995,457.0463768115942
1791289075,50,,Aggregated,6.500000,0.000000,5200,6900,8000,8800,10000,12000,13000,15000,20000,20000,20000,697,0,5200,5869.283934885223,3.2424229998468945,20015.464758999995,456.6341463414634
1791289076,50,,Aggregated,7.000000,0.000000,5200,6800,8000,8800,10000,12000,13000,15000,20000,20000,20000,702,0,5200,5864.849032420228,3.2424229998468945,20015.464758999995,456.3618233618234
1791289077,50,,Aggregated,7.100000,0.000000,5200,6800,8000,8800,10000,12000,13000,15000,20000,20000,20000,713,0,5200,5853.004679882187,3.2424229998468945,20015.464758999995,455.6844319775596
1791289078,50,,Aggregated,7.100000,0.000000,5200,6800,8100,8800,10000,12000,13000,15000,20000,20000,20000,718,0,5200,5878.882250902505,3.2424229998468945,20015.464758999995,457.21309192200556
1791289079,50,,Aggregated,7.300000,0.000000,5200,6900,8100,8900,10000,12000,13000,15000,20000,20000,20000,723,0,5200,5893.16539529737,3.2424229998468945,20015.464758999995,458.0677731673582
1791289080,50,,Aggregated,7.500000,0.000000,5200,6800,8100,8800,10000,12000,13000,15000,20000,20000,20000,732,0,5200,5875.166873687155,3.2424229998468945,20015.464758999995,457.0969945355191
1791289081,50,,Aggregated,7.500000,0.000000,5200,6900,8100,8800,10000,12000,13000,15000,20000,20000,20000,735,0,5200,5884.6028563564605,3.2424229998468945,20015.464758999995,457.77823129251703
1791289082,50,,Aggregated,6.900000,0.000000,5200,6900,8100,8800,10000,12000,13000,15000,20000,20000,20000,745,0,5200,5890.701239539597,3.2424229998468945,20015.464758999995,458.38926174496646
1791289083,50,,Aggregated,6.800000,0.000000,5200,6900,8100,8800,10000,12000,13000,15000,20000,20000,20000,754,0,5200,5886.825151395225,3.2424229998468945,20015.464758999995,458.51989389920425
1791289084,50,,Aggregated,7.100000,0.000000,5200,6900,8000,8800,10000,12000,13000,15000,20000,20000,20000,763,0,5200,5879.566306885975,3.2424229998468945,20015.464758999995,458.40104849279163
1791289085,50,,Aggregated,7.200000,0.000000,5200,6800,8000,8800,10000,12000,13000,15000,20000,20000,20000,768,0,5200,5872.452166367187,3.2424229998468945,20015.464758999995,458.1458333333333
1791289086,50,,Aggregated,7.200000,0.000000,5200,6900,8000,8800,10000,12000,13000,15000,20000,20000,20000,770,0,5200,5875.591195954543,3.2424229998468945,20015.464758999995,458.54155844155844
1791289087,50,,Aggregated,7.200000,0.000000,5200,6900,8100,8800,10000,12000,13000,15000,20000,20000,20000,779,0,5200,5874.822652560973,3.2424229998468945,20015.464758999995,458.4801026957638
1791289088,50,,Aggregated,6.900000,0.000000,5200,6900,8100,8800,10000,12000,13000,15000,20000,20000,20000,782,0,5200,5879.624493852939,3.2424229998468945,20015.464758999995,458.9757033248082
1791289089,50,,Aggregated,6.900000,0.000000,5200,6900,8100,8800,10000,12000,13000,15000,20000,20000,20000,794,0,5200,5873.628747497479,3.2424229998468945,20015.464758999995,459.13727959697735
1791289090,50,,Aggregated,6.400000,0.000000,5200,6900,8100,8800,10000,12000,13000,15000,20000,20000,20000,804,0,5200,5876.2543029701465,3.2424229998468945,20015.464758999995,460.0858208955224
1791289091,50,,Aggregated,6.400000,0.000000,5200,6900,8000,8800,10000,12000,13000,15000,20000,20000,20000,809,0,5200,5882.350246616808,3.2424229998468945,20015.464758999995,460.72929542645244
1791289092,50,,Aggregated,7.400000,0.000000,5200,6900,8000,8800,10000,12000,13000,15000,20000,20000,20000,817,0,5200,5885.444251260707,3.2424229998468945,20015.464758999995,461.26927784577725
1791289093,50,,Aggregated,7.400000,0.000000,5200,6900,8000,8800,10000,12000,13000,15000,20000,20000,20000,824,0,5200,5885.281984373783,3.2424229998468945,20015.464758999995,461.5716019417476
1791289094,50,,Aggregated,7.400000,0.000000,5100,6900,8000,8800,10000,12000,13000,15000,20000,20000,20000,831,0,5100,5870.491236819492,3.2424229998468945,20015.464758999995,461.00240673886884
1791289095,50,,Aggregated,6.900000,0.000000,5100,6900,8000,8800,10000,12000,13000,15000,20000,20000,20000,842,0,5100,5862.694695567696,3.2424229998468945,20015.464758999995,461.0
1791289096,50,,Aggregated,6.900000,0.000000,5100,6800,8000,8700,10000,12000,13000,15000,20000,20000,20000,851,0,5100,5830.766344185662,3.2424229998468945,20015.464758999995,459.30434782608694
1791289097,50,,Aggregated,6.900000,0.000000,5100,6800,8000,8700,10000,12000,13000,15000,20000,20000,20000,857,0,5100,5835.477054372228,3.2424229998468945,20015.464758999995,460.03267211201864
1791289098,50,,Aggregated,7.600000,0.000000,5100,6800,8000,8800,10000,12000,13000,15000,20000,20000,20000,868,0,5100,5834.178251786866,3.2424229998468945,20015.464758999995,459.99769585253455
1791289099,50,,Aggregated,7.800000,0.000000,5100,6800,8000,8800,10000,12000,13000,15000,20000,20000,20000,875,0,5100,5837.989400186284,3.2424229998468945,20015.464758999995,460.5977142857143
1791289100,50,,Aggregated,7.800000,0.000000,5100,6800,8000,8800,10000,12000,13000,15000,20000,20000,20000,878,0,5100,5836.791427048975,3.2424229998468945,20015.464758999995,460.6423690205011
1791289101,50,,Aggregated,8.000000,0.000000,5100,6800,8000,8700,10000,12000,13000,15000,20000,20000,20000,885,0,5100,5827.783604415818,3.2424229998468945,20015.464758999995,459.9005649717514
1791289102,50,,Aggregated,8.000000,0.000000,5100,6800,8000,8700,10000,12000,13000,15000,20000,20000,20000,891,0,5100,5837.120660929291,3.2424229998468945,20015.464758999995,460.77777777777777
1791289103,50,,Aggregated,7.500000,0.000000,5100,6800,7900,8700,10000,12000,13000,14000,20000,20000,20000,901,0,5100,5813.1088695782455,3.2424229998468945,20015.464758999995,459.24972253052164
1791289104,50,,Aggregated,7.700000,0.000000,5100,6800,7900,8600,10000,12000,13000,14000,20000,20000,20000,911,0,5100,5798.035742499451,3.2424229998468945,20015.464758999995,458.36333699231614
1791289105,50,,Aggregated,7.700000,0.000000,5100,6800,8000,8600,10000,12000,13000,14000,20000,20000,20000,916,0,5100,5808.380572337337,3.2424229998468945,20015.464758999995,459.42903930131007
1791289106,50,,Aggregated,7.800000,0.000000,5100,6800,7900,8600,10000,12000,13000,14000,20000,20000,20000,925,0,5100,5808.964023382704,3.2424229998468945,20015.464758999995,459.81405405405405
1791289107,50,,Aggregated,7.400000,0.000000,5100,6800,7900,8600,10000,12000,13000,14000,20000,20000,20000,930,0,5100,5803.144178275269,3.2424229998468945,20015.464758999995,459.68709677419355
1791289108,50,,Aggregated,7.400000,0.000000,5100,6800,8000,8600,10000,12000,13000,14000,20000,20000,20000,936,0,5100,5797.692350818376,3.2424229998468945,20015.464758999995,459.4519230769231
1791289109,50,,Aggregated,7.400000,0.000000,5100,6800,8000,8600,10000,12000,13000,14000,20000,20000,20000,943,0,5100,5806.964819762461,3.2424229998468945,20015.464758999995,460.43160127253446
1791289110,50,,Aggregated,7.100000,0.000000,5100,6800,8000,8600,10000,12000,13000,14000,20000,20000,20000,952,0,5100,5810.747880818276,3.2424229998468945,20015.464758999995,460.89600840336135
1791289111,50,,Aggregated,6.800000,0.000000,5100,6800,7900,8600,10000,12000,13000,14000,20000,20000,20000,957,0,5100,5804.814226714732,3.2424229998468945,20015.464758999995,460.59247648902823
1791289112,50,,Aggregated,7.400000,0.000000,5100,6800,8000,8600,10000,12000,13000,14000,20000,20000,20000,966,0,5100,5800.33165952174,3.2424229998468945,20015.464758999995,460.5258799171843
1791289113,50,,Aggregated,7.400000,0.000000,5100,6800,7900,8600,10000,12000,13000,14000,20000,20000,20000,969,0,5100,5799.862141304438,3.2424229998468945,20015.464758999995,460.59958720330235
1791289114,50,,Aggregated,7.400000,0.000000,5100,6800,8000,8600,10000,12000,13000,14000,20000,20000,20000,981,0,5100,5820.3385595881755,3.2424229998468945,20015.464758999995,462.27013251783893
1791289115,50,,Aggregated,7.400000,0.000000,5100,6800,8000,8600,10000,12000,13000,14000,20000,20000,20000,988,0,5100,5810.1272416487855,3.2424229998468945,20015.464758999995,461.81174089068827
1791289116,50,,Aggregated,6.700000,0.000000,5100,6800,8000,8600,10000,12000,13000,14000,20000,20000,20000,995,0,5100,5802.072677663317,3.2424229998468945,20015.464758999995,461.443216080402
1791289117,50,,Aggregated,7.200000,0.000000,5100,6800,7900,8600,10000,12000,13000,14000,20000,20000,20000,1001,0,5100,5796.370567185816,3.2424229998468945,20015.464758999995,461.2847152847153
1791289118,50,,Aggregated,6.900000,0.000000,5100,6800,8000,8600,10000,12000,13000,14000,20000,20000,20000,1015,0,5100,5797.55239628079,3.2424229998468945,20015.464758999995,461.67389162561574
1791289119,50,,Aggregated,6.900000,0.000000,5100,6800,8000,8600,10000,12000,13000,14000,20000,20000,20000,1019,0,5100,5793.896592655548,3.2424229998468945,20015.464758999995,461.54367026496567
1791289120,50,,Aggregated,7.200000,0.000000,5100,6800,8000,8600,10000,12000,13000,14000,20000,20000,20000,1025,0,5100,5787.945810651711,3.2424229998468945,20015.464758999995,461.4439024390244
1791289121,50,,Aggregated,7.600000,0.000000,5100,6800,8000,8600,10000,12000,13000,14000,20000,20000,20000,1035,0,5100,5778.415653060874,3.2424229998468945,20015.464758999995,461.1072463768116
1791289122,50,,Aggregated,7.600000,0.000000,5100,6800,7900,8600,10000,12000,13000,14000,20000,20000,20000,1045,0,5100,5769.442098297612,3.2424229998468945,20015.464758999995,460.911004784689
1791289123,50,,Aggregated,7.700000,0.000000,5100,6700,7900,8500,10000,12000,13000,14000,20000,20000,20000,1058,0,5100,5766.077971221176,3.2424229998468945,20015.464758999995,461.31758034026467
1791289124,50,,Aggregated,7.700000,0.000000,5000,6700,7900,8500,10000,12000,13000,14000,20000,20000,20000,1065,0,5000,5756.850871157751,3.2424229998468945,20015.464758999995,460.9615023474178
1791289125,50,,Aggregated,8.700000,0.000000,5000,6700,7900,8500,10000,12000,13000,14000,20000,20000,20000,1075,0,5000,5738.043270926515,3.2424229998468945,20015.464758999995,459.96093023255816
1791289126,50,,Aggregated,8.900000,0.000000,5000,6700,7900,8500,10000,12000,13000,14000,20000,20000,20000,1081,0,5000,5731.647348819615,3.2424229998468945,20015.464758999995,459.5855689176688
1791289127,50,,Aggregated,8.900000,0.000000,5000,6700,7900,8500,10000,12000,13000,14000,20000,20000,20000,1091,0,5000,5723.224997901929,3.2424229998468945,20015.464758999995,459.29330889092574
1791289128,50,,Aggregated,8.300000,0.000000,5000,6700,7900,8500,10000,12000,13000,14000,20000,20000,20000,1098,0,5000,5704.82871172587,3.2424229998468945,20015.464758999995,458.1948998178506
1791289129,50,,Aggregated,8.500000,0.000000,5000,6700,7900,8500,10000,12000,13000,14000,20000,20000,20000,1103,0,5000,5702.5741607126065,3.2424229998468945,20015.464758999995,458.1260199456029
1791289130,50,,Aggregated,8.400000,0.000000,5000,6700,7800,8500,10000,12000,13000,14000,20000,20000,20000,1111,0,5000,5694.548550863192,3.2424229998468945,20015.464758999995,457.65346534653463
1791289131,50,,Aggregated,8.400000,0.000000,5000,6700,7900,8500,10000,12000,13000,14000,20000,20000,20000,1116,0,5000,5695.863627892479,3.2424229998468945,20015.464758999995,457.9596774193548
1791289132,50,,Aggregated,8.200000,0.000000,5000,6700,7800,8500,10000,12000,13000,14000,20000,20000,20000,1123,0,5000,5682.090722956373,3.2424229998468945,20015.464758999995,457.15761353517365
1791289133,50,,Aggregated,8.200000,0.000000,5000,6600,7800,8500,10000,12000,13000,14000,20000,20000,20000,1134,0,5000,5675.10695182011,3.2424229998468945,20015.464758999995,456.5828924162258
1791289134,50,,Aggregated,7.700000,0.000000,5000,6700,7900,8500,10000,12000,13000,14000,20000,20000,20000,1142,0,5000,5696.387366105083,3.2424229998468945,20015.464758999995,457.94833625218916
1791289135,50,,Aggregated,7.000000,0.000000,5000,6700,7900,8500,10000,12000,13000,14000,20000,20000,20000,1151,0,5000,5712.122226565599,3.2424229998468945,20015.464758999995,459.24500434404865
1791289136,50,,Aggregated,7.600000,0.000000,5000,6700,7900,8500,10000,12000,13000,14000,20000,20000,20000,1157,0,5000,5703.986736034576,3.2424229998468945,20015.464758999995,458.7208297320657
1791289137,50,,Aggregated,7.800000,0.000000,5000,6700,7900,8500,10000,12000,13000,14000,20000,20000,20000,1165,0,5000,5709.696454518459,3.2424229998468945,20015.464758999995,459.38798283261804
1791289138,50,,Aggregated,7.800000,0.000000,5000,6700,7900,8500,10000,12000,13000,14000,20000,20000,20000,1170,0,5000,5705.106986786329,3.2424229998468945,20015.464758999995,459.16837606837606
1791289139,50,,Aggregated,7.600000,0.000000,5000,6700,7900,8500,10000,12000,13000,14000,20000,20000,20000,1174,0,5000,5697.920643177176,3.2424229998468945,20015.464758999995,458.587734241908
1791289140,50,,Aggregated,7.200000,0.000000,5000,6700,7900,8500,10000,12000,13000,14000,20000,20000,20000,1185,0,5000,5696.30978035781,3.2424229998468945,20015.464758999995,458.6210970464135
1791289141,50,,Aggregated,7.100000,0.000000,5000,6700,7900,8500,10000,12000,13000,14000,20000,20000,20000,1193,0,5000,5686.58456278039,3.2424229998468945,20015.464758999995,458.01257334450963
1791289142,50,,Aggregated,7.600000,0.000000,5000,6700,7900,8400,10000,12000,13000,14000,20000,20000,20000,1201,0,5000,5683.495006246467,3.2424229998468945,20015.464758999995,457.90424646128224
1791289143,50,,Aggregated,7.500000,0.000000,5000,6700,7800,8400,10000,12000,13000,14000,20000,20000,20000,1211,0,5000,5673.914173309667,3.2424229998468945,20015.464758999995,457.32782824112303
1791289144,50,,Aggregated,7.500000,0.000000,5000,6700,7800,8400,10000,12000,13000,14000,20000,20000,20000,1216,0,5000,5672.809899889808,3.2424229998468945,20015.464758999995,457.4243421052632
1791289145,50,,Aggregated,8.300000,0.000000,5000,6600,7800,8400,10000,12000,13000,14000,20000,20000,20000,1230,0,5000,5664.647721404069,3.2424229998468945,20015.464758999995,456.81869918699186
1791289146,50,,Aggregated,7.500000,0.000000,5000,6600,7800,8400,10000,12000,13000,14000,20000,20000,20000,1236,0,5000,5663.345375586574,3.2424229998468945,20015.464758999995,456.8527508090615
1791289147,50,,Aggregated,7.500000,0.000000,5000,6600,7800,8400,10000,12000,13000,14000,20000,20000,20000,1242,0,5000,5659.049613270536,3.2424229998468945,20015.464758999995,456.7367149758454
1791289148,50,,Aggregated,8.000000,0.000000,5000,6600,7800,8400,10000,12000,13000,14000,20000,20000,20000,1251,0,5000,5655.41056644285,3.2424229998468945,20015.464758999995,456.7426059152678
1791289149,50,,Aggregated,7.800000,0.000000,4900,6600,7800,8400,10000,12000,13000,14000,20000,20000,20000,1259,0,4900,5656.102746242259,3.2424229998468945,20015.464758999995,456.890389197776
1791289150,50,,Aggregated,7.800000,0.000000,4900,6600,7800,8400,10000,12000,13000,14000,20000,20000,20000,1262,0,4900,5654.911333450875,3.2424229998468945,20015.464758999995,456.85736925515056
1791289151,50,,Aggregated,8.100000,0.000000,4900,6600,7800,8400,10000,12000,13000,14000,20000,20000,20000,1270,0,4900,5646.892592553546,3.2424229998468945,20015.464758999995,456.244094488189
1791289152,50,,Aggregated,7.900000,0.000000,4900,6600,7800,8400,9900,12000,13000,14000,20000,20000,20000,1281,0,4900,5646.99223379001,3.2424229998468945,20015.464758999995,456.53395784543324
1791289153,50,,Aggregated,7.200000,0.000000,4900,6600,7800,8400,9900,12000,13000,14000,20000,20000,20000,1290,0,4900,5634.01151139225,3.2424229998468945,20015.464758999995,455.73875968992246
1791289154,50,,Aggregated,8.000000,0.000000,4900,6600,7800,8400,9900,12000,13000,14000,20000,20000,20000,1298,0,4900,5641.459346117105,3.2424229998468945,20015.464758999995,456.3551617873652
1791289155,50,,Aggregated,8.000000,0.000000,4900,6600,7800,8400,9900,12000,13000,13000,20000,20000,20000,1306,0,4900,5642.04324142037,3.2424229998468945,20015.464758999995,456.60872894333846
1791289156,50,,Aggregated,8.000000,0.000000,4900,6600,7800,8400,9900,12000,13000,13000,20000,20000,20000,1314,0,4900,5640.275481557841,3.2424229998468945,20015.464758999995,456.6689497716895
1791289157,50,,Aggregated,7.800000,0.000000,4900,6600,7800,8400,9900,12000,13000,13000,20000,20000,20000,1323,0,4900,5635.277100283449,3.2424229998468945,20015.464758999995,456.6326530612245
1791289158,50,,Aggregated,7.900000,0.000000,4900,6600,7800,8400,9900,12000,13000,13000,20000,20000,20000,1329,0,4900,5626.26896707299,3.2424229998468945,20015.464758999995,456.0428893905192
1791289159,50,,Aggregated,8.000000,0.000000,4900,6600,7800,8400,9900,12000,13000,13000,20000,20000,20000,1332,0,4900,5625.254774724477,3.2424229998468945,20015.464758999995,455.88438438438436
1791289160,50,,Aggregated,8.000000,0.000000,4900,6600,7800,8400,9900,12000,13000,13000,20000,20000,20000,1340,0,4900,5626.229025552989,3.2424229998468945,20015.464758999995,455.7410447761194
1791289161,50,,Aggregated,7.600000,0.000000,4900,6600,7800,8400,9900,12000,13000,13000,20000,20000,20000,1349,0,4900,5625.286007393629,3.2424229998468945,20015.464758999995,455.80726464047444
1791289162,50,,Aggregated,7.800000,0.000000,4900,6600,7800,8400,9900,12000,13000,13000,20000,20000,20000,1356,0,4900,5625.8691691290605,3.2424229998468945,20015.464758999995,455.89970501474926
1791289163,50,,Aggregated,8.300000,0.000000,4900,6600,7700,8400,9900,12000,13000,13000,20000,20000,20000,1366,0,4900,5620.455490112743,3.2424229998468945,20015.464758999995,455.64787701317715
1791289164,50,,Aggregated,7.300000,0.000000,4900,6600,7700,8400,9900,12000,13000,13000,20000,20000,20000,1376,0,4900,5608.466934802331,3.2424229998468945,20015.464758999995,455.07267441860466
1791289165,50,,Aggregated,7.600000,0.000000,4900,6600,7700,8400,9900,12000,13000,13000,20000,20000,20000,1387,0,4900,5605.362755274699,3.2424229998468945,20015.464758999995,455.0814708002884
1791289166,50,,Aggregated,8.200000,0.000000,4900,6600,7700,8300,9900,12000,13000,13000,20000,20000,20000,1396,0,4900,5595.342658424075,3.2424229998468945,20015.464758999995,454.5487106017192
1791289167,50,,Aggregated,7.700000,0.000000,4900,6500,7700,8300,9900,12000,13000,13000,20000,20000,20000,1402,0,4900,5589.032949952219,3.2424229998468945,20015.464758999995,454.2004279600571
1791289168,50,,Aggregated,7.700000,0.000000,4900,6500,7700,8300,9900,12000,13000,13000,20000,20000,20000,1406,0,4900,5583.792294148656,3.2424229998468945,20015.464758999995,453.9310099573257
1791289169,50,,Aggregated,7.800000,0.000000,4900,6500,7700,8300,9900,12000,13000,13000,20000,20000,20000,1411,0,4900,5590.306822051743,3.2424229998468945,20015.464758999995,454.3777462792346
1791289170,50,,Aggregated,8.000000,0.000000,4900,6500,7700,8400,9900,12000,13000,13000,20000,20000,20000,1417,0,4900,5592.313733197608,3.2424229998468945,20015.464758999995,454.6605504587156
1791289171,50,,Aggregated,8.000000,0.000000,4900,6500,7700,8300,9900,12000,13000,13000,20000,20000,20000,1427,0,4900,5592.012894233364,3.2424229998468945,20015.464758999995,454.89418360196214
1791289172,50,,Aggregated,7.500000,0.000000,4900,6500,7700,8400,9900,12000,13000,13000,20000,20000,20000,1434,0,4900,5594.066861329156,3.2424229998468945,20015.464758999995,455.2991631799163
1791289173,50,,Aggregated,7.900000,0.000000,4900,6500,7700,8400,9900,12000,13000,13000,20000,20000,20000,1443,0,4900,5593.511424652122,3.2424229998468945,20015.464758999995,455.3250173250173
1791289174,50,,Aggregated,7.900000,0.000000,4900,6600,7700,8400,9900,12000,13000,13000,20000,20000,20000,1446,0,4900,5600.073161972346,3.2424229998468945,20015.464758999995,455.8893499308437
1791289175,50,,Aggregated,7.400000,0.000000,4900,6600,7800,8400,9900,12000,13000,13000,20000,20000,20000,1457,0,4900,5608.326491484564,3.2424229998468945,20015.464758999995,456.5387783115992
1791289176,50,,Aggregated,7.100000,0.000000,4900,6600,7800,8400,9900,12000,13000,13000,20000,20000,20000,1468,0,4900,5610.666596998645,3.2424229998468945,20015.464758999995,456.88964577656674
1791289177,50,,Aggregated,7.100000,0.000000,4900,6600,7800,8400,9900,12000,13000,13000,20000,20000,20000,1473,0,4900,5606.780633148684,3.2424229998468945,20015.464758999995,456.6435845213849
1791289178,50,,Aggregated,7.200000,0.000000,4900,6600,7800,8400,9900,12000,13000,13000,20000,20000,20000,1476,0,4900,5602.758473248652,3.2424229998468945,20015.464758999995,456.3963414634146
1791289179,50,,Aggregated,7.300000,0.000000,4900,6600,7800,8400,9900,12000,13000,13000,20000,20000,20000,1484,0,4900,5604.974841704184,3.2424229998468945,20015.464758999995,456.44407008086256
1791289180,50,,Aggregated,6.800000,0.000000,4900,6500,7800,8400,9900,12000,13000,13000,20000,20000,20000,1493,0,4900,5595.185115245151,3.2424229998468945,20015.464758999995,455.9551239115874
1791289181,50,,Aggregated,6.500000,0.000000,4900,6500,7800,8400,9900,12000,13000,13000,20000,20000,20000,1502,0,4900,5603.070628044615,3.2424229998468945,20015.464758999995,456.6617842876165
1791289182,50,,Aggregated,6.500000,0.000000,4900,6600,7800,8400,9900,12000,13000,13000,20000,20000,20000,1508,0,4900,5606.273167443641,3.2424229998468945,20015.464758999995,456.868700265252
1791289183,50,,Aggregated,7.600000,0.000000,4900,6500,7800,8400,9900,12000,13000,13000,20000,20000,20000,1509,0,4900,5605.767061435395,3.2424229998468945,20015.464758999995,456.8462557985421
1791289184,50,,Aggregated,7.500000,0.000000,4900,6500,7800,8400,9900,12000,13000,13000,20000,20000,20000,1525,0,4900,5598.608263256398,3.2424229998468945,20015.464758999995,456.46360655737703
1791289185,50,,Aggregated,7.000000,0.000000,4900,6500,7800,8400,9900,12000,13000,13000,20000,20000,20000,1535,0,4900,5603.361981155704,3.2424229998468945,20015.464758999995,457.22931596091206
1791289186,50,,Aggregated,7.000000,0.000000,4900,6500,7800,8400,9900,12000,13000,13000,20000,20000,20000,1542,0,4900,5602.657732928668,3.2424229998468945,20015.464758999995,457.38715953307394
1791289187,50,,Aggregated,7.900000,0.000000,4900,6500,7800,8400,9900,12000,13000,13000,20000,20000,20000,1550,0,4900,5607.5652830541985,3.2424229998468945,20015.464758999995,458.0154838709677
1791289188,50,,Aggregated,7.900000,0.000000,4900,6500,7800,8400,9900,12000,13000,13000,20000,20000,20000,1550,0,4900,5607.5652830541985,3.2424229998468945,20015.464758999995,458.0154838709677
1791289189,50,,Aggregated,7.800000,0.000000,4900,6500,7800,8400,9900,12000,13000,13000,20000,20000,20000,1554,0,4900,5609.363359921496,3.2424229998468945,20015.464758999995,458.3211068211068
1791289190,50,,Aggregated,7.600000,0.000000,4900,6500,7800,8400,9900,12000,13000,13000,20000,20000,20000,1564,0,4900,5606.90256480627,3.2424229998468945,20015.464758999995,458.1617647058824
1791289191,50,,Aggregated,7.800000,0.000000,4900,6500,7800,8400,9900,12000,13000,13000,20000,20000,20000,1569,0,4900,5601.737031207779,3.2424229998468945,20015.464758999995,457.7144678138942
1791289192,50,,Aggregated,7.200000,0.000000,4900,6500,7800,8400,9900,12000,13000,13000,20000,20000,20000,1578,0,4900,5610.403432331433,3.2424229998468945,20015.464758999995,458.2642585551331
1791289193,50,,Aggregated,7.200000,0.000000,4900,6500,7800,8400,9900,12000,13000,13000,20000,20000,20000,1581,0,4900,5610.085146706515,3.2424229998468945,20015.464758999995,458.14864010120175
1791289194,50,,Aggregated,6.600000,0.000000,4900,6500,7800,8400,9900,12000,13000,13000,20000,20000,20000,1590,0,4900,5619.3489093,3.2424229998468945,20015.464758999995,458.637106918239
1791289195,50,,Aggregated,7.200000,0.000000,4900,6600,7800,8400,9900,12000,13000,13000,20000,20000,20000,1600,0,4900,5619.958948562499,3.2424229998468945,20015.464758999995,458.51125
1791289196,50,,Aggregated,7.200000,0.000000,4900,6600,7800,8400,9900,12000,13000,13000,20000,20000,20000,1600,0,4900,5619.958948562499,3.2424229998468945,20015.464758999995,458.51125
1791289197,50,,Aggregated,6.700000,0.000000,4900,6500,7800,8400,9900,12000,13000,13000,20000,20000,20000,1608,0,4900,5617.996151682835,3.2424229998468945,20015.464758999995,458.2823383084577
1791289198,50,,Aggregated,5.800000,0.000000,4900,6500,7800,8400,9900,12000,13000,13000,20000,20000,20000,1629,0,4900,5614.194420320442,3.2424229998468945,20015.464758999995,458.4002455494168
1791289199,50,,Aggregated,5.800000,0.000000,4900,6500,7800,8400,9900,12000,13000,13000,20000,20000,20000,1634,0,4900,5613.498966519584,3.2424229998468945,20015.464758999995,458.47980416156673
1791289200,50,,Aggregated,7.300000,0.000000,4900,6500,7800,8400,9900,12000,13000,13000,20000,20000,20000,1642,0,4900,5612.828936339222,3.2424229998468945,20015.464758999995,458.5584652862363
1791289201,50,,Aggregated,7.300000,0.000000,4900,6500,7800,8400,9900,12000,13000,13000,20000,20000,20000,1642,0,4900,5612.828936339222,3.2424229998468945,20015.464758999995,458.5584652862363
1791289202,50,,Aggregated,7.500000,0.000000,4900,6500,7700,8400,9900,12000,13000,13000,20000,20000,20000,1654,0,4900,5606.104183807739,3.2424229998468945,20015.464758999995,458.14570737605806
1791289203,50,,Aggregated,7.500000,0.000000,4900,6500,7800,8400,9900,12000,13000,13000,20000,20000,20000,1656,0,4900,5606.873819716184,3.2424229998468945,20015.464758999995,458.256038647343
1791289204,50,,Aggregated,7.500000,0.000000,4900,6500,7800,8400,9900,12000,13000,13000,20000,20000,20000,1666,0,4900,5611.493756409364,3.2424229998468945,20015.464758999995,458.5324129651861
1791289205,50,,Aggregated,7.900000,0.000000,4900,6500,7800,8400,9900,12000,13000,13000,20000,20000,20000,1668,0,4900,5611.451761924461,3.2424229998468945,20015.464758999995,458.5143884892086
1791289206,50,,Aggregated,7.900000,0.000000,4900,6600,7800,8400,9900,12000,13000,13000,20000,20000,20000,1682,0,4900,5613.624024174792,3.2424229998468945,20015.464758999995,458.7140309155767
1791289207,50,,Aggregated,7.000000,0.000000,4900,6600,7800,8400,9900,12000,13000,13000,20000,20000,20000,1689,0,4900,5616.590841571936,3.2424229998468945,20015.464758999995,459.048549437537
1791289208,50,,Aggregated,7.000000,0.000000,4900,6600,7800,8400,9900,12000,13000,13000,20000,20000,20000,1690,0,4900,5619.142510614201,3.2424229998468945,20015.464758999995,459.2497041420118
1791289209,50,,Aggregated,7.900000,0.000000,4900,6600,7800,8400,9900,12000,13000,13000,20000,20000,20000,1702,0,4900,5625.967877677437,3.2424229998468945,20015.464758999995,459.69741480611043
1791289210,50,,Aggregated,6.700000,0.000000,4900,6600,7800,8400,9900,12000,13000,13000,20000,20000,20000,1709,0,4900,5625.380805341135,3.2424229998468945,20015.464758999995,459.75892334698653
1791289211,50,,Aggregated,6.300000,0.000000,4900,6600,7800,8400,9900,12000,13000,13000,20000,20000,20000,1717,0,4900,5617.729406877111,3.2424229998468945,20015.464758999995,459.28363424577753
1791289212,50,,Aggregated,6.900000,0.000000,4900,6600,7800,8400,9900,12000,13000,13000,20000,20000,20000,1724,0,4900,5617.201947936194,3.2424229998468945,20015.464758999995,459.3677494199536
1791289213,50,,Aggregated,7.400000,0.000000,4900,6600,7800,8400,9900,12000,13000,13000,20000,20000,20000,1730,0,4900,5617.313569809826,3.2424229998468945,20015.464758999995,459.3514450867052
1791289214,50,,Aggregated,6.700000,0.000000,4900,6600,7800,8400,9900,12000,13000,13000,20000,20000,20000,1740,0,4900,5613.648054528736,3.2424229998468945,20015.464758999995,459.29540229885055
1791289215,50,,Aggregated,6.900000,0.000000,4900,6600,7800,8400,9900,12000,13000,13000,20000,20000,20000,1748,0,4900,5613.348808044623,3.2424229998468945,20015.464758999995,459.35869565217394
1791289216,50,,Aggregated,7.100000,0.000000,4900,6600,7800,8400,9900,12000,13000,13000,20000,20000,20000,1757,0,4900,5617.493775856007,3.2424229998468945,20015.464758999995,459.7672168468981
1791289217,50,,Aggregated,7.600000,0.000000,4900,6600,7800,8400,9900,12000,13000,13000,20000,20000,20000,1760,0,4900,5621.603364812503,3.2424229998468945,20015.464758999995,460.0897727272727
1791289218,50,,Aggregated,7.600000,0.000000,4900,6600,7800,8400,9900,12000,13000,13000,20000,20000,20000,1765,0,4900,5622.671897720116,3.2424229998468945,20015.464758999995,460.17507082152974
1791289219,50,,Aggregated,7.600000,0.000000,4900,6600,7800,8400,9900,12000,13000,13000,20000,20000,20000,1776,0,4900,5614.617753154283,3.2424229998468945,20015.464758999995,459.64639639639637
1791289220,50,,Aggregated,7.500000,0.000000,4900,6600,7800,8400,9900,12000,13000,13000,20000,20000,20000,1780,0,4900,5615.60036022079,3.2424229998468945,20015.464758999995,459.6921348314607
1791289221,50,,Aggregated,7.900000,0.000000,4900,6600,7800,8400,9900,12000,13000,13000,20000,20000,20000,1791,0,4900,5613.4235941529905,3.2424229998468945,20015.464758999995,459.6286990508096
1791289222,50,,Aggregated,7.200000,0.000000,4900,6600,7800,8400,9900,12000,13000,13000,20000,20000,20000,1802,0,4900,5610.087665790236,3.2424229998468945,20015.464758999995,459.55493895671475
1791289223,50,,Aggregated,6.800000,0.000000,4900,6600,7800,8400,9900,12000,13000,13000,20000,20000,20000,1813,0,4900,5600.666808655823,3.2424229998468945,20015.464758999995,459.0860452289024
1791289224,50,,Aggregated,7.900000,0.000000,4900,6600,7800,8400,9900,12000,13000,13000,20000,20000,20000,1819,0,4900,5603.241584020344,3.2424229998468945,20015.464758999995,459.34689389774604
1791289225,50,,Aggregated,7.900000,0.000000,4900,6600,7800,8400,9900,12000,13000,13000,20000,20000,20000,1823,0,4900,5607.045749637415,3.2424229998468945,20015.464758999995,459.6653867251783
1791289226,50,,Aggregated,8.100000,0.000000,4900,6600,7800,8400,9900,12000,13000,13000,20000,20000,20000,1829,0,4900,5612.228434503011,3.2424229998468945,20015.464758999995,460.1514488791689
1791289227,50,,Aggregated,7.900000,0.000000,4900,6600,7800,8400,9900,12000,13000,13000,20000,20000,20000,1840,0,4900,5599.369681150546,3.2424229998468945,20015.464758999995,459.29619565217394
1791289228,50,,Aggregated,7.200000,0.000000,4900,6600,7800,8400,9900,12000,13000,13000,20000,20000,20000,1847,0,4900,5598.500720086631,3.2424229998468945,20015.464758999995,459.3345966432052
1791289229,50,,Aggregated,7.600000,0.000000,4900,6500,7800,8400,9900,12000,13000,13000,20000,20000,20000,1856,0,4900,5601.624177180501,3.2424229998468945,20015.464758999995,459.4353448275862
1791289230,50,,Aggregated,7.800000,0.000000,4900,6500,7800,8400,9900,12000,13000,13000,20000,20000,20000,1859,0,4900,5602.155487802049,3.2424229998468945,20015.464758999995,459.4529316837009
1791289231,50,,Aggregated,7.700000,0.000000,4900,6500,7800,8300,9900,12000,13000,13000,20000,20000,20000,1870,0,4900,5593.904500048668,3.2424229998468945,20015.464758999995,458.97914438502676
1791289232,50,,Aggregated,7.800000,0.000000,4900,6500,7800,8300,9900,12000,13000,13000,20000,20000,20000,1883,0,4900,5591.229188304305,3.2424229998468945,20015.464758999995,458.8890069038768
1791289233,50,,Aggregated,8.200000,0.000000,4900,6500,7700,8300,9900,12000,13000,13000,20000,20000,20000,1893,0,4900,5579.276843349184,3.2424229998468945,20015.464758999995,458.2625462229266
1791289234,50,,Aggregated,7.700000,0.000000,4900,6500,7700,8300,9900,12000,13000,13000,20000,20000,20000,1899,0,4900,5572.2614146740425,3.2424229998468945,20015.464758999995,457.8804634017904
1791289235,50,,Aggregated,8.000000,0.000000,4900,6500,7700,8300,9900,12000,13000,13000,20000,20000,20000,1907,0,4900,5575.0820605548015,3.2424229998468945,20015.464758999995,458.2024121657053
1791289236,50,,Aggregated,7.800000,0.000000,4900,6500,7700,8300,9900,12000,13000,13000,20000,20000,20000,1917,0,4900,5568.215143068862,3.2424229998468945,20015.464758999995,458.0088680229525
1791289237,50,,Aggregated,7.800000,0.000000,4900,6500,7700,8300,9900,11000,13000,13000,20000,20000,20000,1923,0,4900,5565.256631003125,3.2424229998468945,20015.464758999995,457.9427977119085
1791289238,50,,Aggregated,8.700000,0.000000,4900,6500,7700,8300,9900,12000,13000,13000,20000,20000,20000,1929,0,4900,5563.638126916541,3.2424229998468945,20015.464758999995,457.8569206842924
1791289239,50,,Aggregated,8.700000,0.000000,4900,6500,7700,8300,9900,12000,13000,13000,20000,20000,20000,1934,0,4900,5567.706182762672,3.2424229998468945,20015.464758999995,458.16339193381594
1791289240,50,,Aggregated,8.300000,0.000000,4900,6500,7700,8300,9900,12000,13000,13000,20000,20000,20000,1945,0,4900,5568.673025189722,3.2424229998468945,20015.464758999995,458.24370179948585
1791289241,50,,Aggregated,8.100000,0.000000,4900,6500,7700,8300,9900,12000,13000,13000,20000,20000,20000,1953,0,4900,5565.61740264107,3.2424229998468945,20015.464758999995,458.05478750640043
1791289242,50,,Aggregated,8.600000,0.000000,4900,6500,7700,8300,9900,12000,13000,13000,20000,20000,20000,1960,0,4900,5559.94321326582,3.2424229998468945,20015.464758999995,457.68826530612245
1791289243,50,,Aggregated,8.200000,0.000000,4900,6500,7700,8300,9900,11000,13000,13000,20000,20000,20000,1970,0,4900,5558.505901102034,3.2424229998468945,20015.464758999995,457.60761421319796
1791289244,50,,Aggregated,8.100000,0.000000,4900,6500,7700,8200,9900,11000,13000,13000,20000,20000,20000,1978,0,4900,5553.5276276450995,3.2424229998468945,20015.464758999995,457.2396359959555
1791289245,50,,Aggregated,7.700000,0.000000,4800,6500,7700,8200,9900,11000,13000,13000,20000,20000,20000,1988,0,4800,5549.8099550880315,3.2424229998468945,20015.464758999995,457.03319919517105
1791289246,50,,Aggregated,7.800000,0.000000,4800,6500,7700,8300,9900,11000,13000,13000,20000,20000,20000,1995,0,4800,5550.572152034589,3.2424229998468945,20015.464758999995,457.1764411027569
1791289247,50,,Aggregated,7.700000,0.000000,4800,6500,7700,8200,9900,11000,13000,13000,17000,20000,20000,2001,0,4800,5547.966626597205,3.2424229998468945,20015.464758999995,457.1184407796102
1791289248,50,,Aggregated,8.100000,0.000000,4800,6500,7700,8200,9900,11000,13000,13000,17000,20000,20000,2010,0,4800,5541.8478704607,3.2424229998468945,20015.464758999995,456.80248756218907
1791289249,50,,Aggregated,7.500000,0.000000,4800,6500,7700,8200,9800,11000,13000,13000,17000,20000,20000,2019,0,4800,5543.175890561666,3.2424229998468945,20015.464758999995,456.97820703318473
1791289250,50,,Aggregated,8.000000,0.000000,4800,6500,7700,8200,9800,11000,13000,13000,17000,20000,20000,2024,0,4800,5542.696445475298,3.2424229998468945,20015.464758999995,457.0143280632411
1791289251,50,,Aggregated,8.100000,0.000000,4800,6500,7700,8200,9800,11000,13000,13000,17000,20000,20000,2035,0,4800,5546.012140581819,3.2424229998468945,20015.464758999995,457.14987714987717
1791289252,50,,Aggregated,7.900000,0.000000,4800,6500,7700,8200,9800,11000,13000,13000,17000,20000,20000,2040,0,4800,5546.846441936766,3.2424229998468945,20015.464758999995,457.31519607843137
1791289253,50,,Aggregated,7.700000,0.000000,4800,6500,7700,8200,9800,11000,13000,13000,17000,20000,20000,2049,0,4800,5545.369910599317,3.2424229998468945,20015.464758999995,457.365056124939
1791289254,50,,Aggregated,8.000000,0.000000,4800,6500,7700,8200,9800,11000,13000,13000,17000,20000,20000,2056,0,4800,5544.0349035282115,3.2424229998468945,20015.464758999995,457.3497081712062
1791289255,50,,Aggregated,8.100000,0.000000,4800,6500,7700,8200,9800,11000,13000,13000,17000,20000,20000,2065,0,4800,5534.985268725426,3.2424229998468945,20015.464758999995,456.7501210653753
1791289256,50,,Aggregated,7.600000,0.000000,4800,6500,7700,8200,9800,11000,13000,13000,17000,20000,20000,2074,0,4800,5531.482293121507,3.2424229998468945,20015.464758999995,456.50578592092575
1791289257,50,,Aggregated,7.800000,0.000000,4800,6500,7700,8200,9800,11000,13000,13000,17000,20000,20000,2080,0,4800,5533.319625817791,3.2424229998468945,20015.464758999995,456.56634615384615
1791289258,50,,Aggregated,7.500000,0.000000,4800,6500,7700,8100,9800,11000,13000,13000,17000,20000,20000,2087,0,4800,5533.432077390515,3.2424229998468945,20015.464758999995,456.5615716339243
1791289259,50,,Aggregated,7.900000,0.000000,4800,6500,7700,8100,9800,11000,13000,13000,17000,20000,20000,2093,0,4800,5530.876013886767,3.2424229998468945,20015.464758999995,456.4653607262303
1791289260,50,,Aggregated,7.700000,0.000000,4800,6500,7700,8100,9800,11000,13000,13000,17000,20000,20000,2102,0,4800,5527.901159499051,3.2424229998468945,20015.464758999995,456.18886774500476
1791289261,50,,Aggregated,7.500000,0.000000,4800,6500,7700,8100,9800,11000,13000,13000,17000,20000,20000,2108,0,4800,5528.701770878561,3.2424229998468945,20015.464758999995,456.29981024667933
1791289262,50,,Aggregated,7.500000,0.000000,4800,6500,7600,8100,9800,11000,13000,13000,17000,20000,20000,2116,0,4800,5526.998478677223,3.2424229998468945,20015.464758999995,456.1001890359168
1791289263,50,,Aggregated,7.800000,0.000000,4900,6500,7600,8100,9800,11000,13000,13000,17000,20000,20000,2125,0,4900,5529.892593598121,3.2424229998468945,20015.464758999995,456.32235294117646
1791289264,50,,Aggregated,7.200000,0.000000,4900,6500,7600,8100,9800,11000,13000,13000,17000,20000,20000,2130,0,4900,5529.357360905636,3.2424229998468945,20015.464758999995,456.3305164319249
1791289265,50,,Aggregated,7.600000,0.000000,4900,6500,7600,8100,9800,11000,13000,13000,17000,20000,20000,2135,0,4900,5533.691707850587,3.2424229998468945,20015.464758999995,456.5639344262295
1791289266,50,,Aggregated,7.600000,0.000000,4900,6500,7600,8100,9800,11000,13000,13000,17000,20000,20000,2139,0,4900,5531.859205027584,3.2424229998468945,20015.464758999995,456.36699392239365
